<?xml version="1.0"?>
<skin version="1.1" name="PerspectivesVideoSkin" author="http://www.bcgperspectives.com/">
   <components>
      <component name="controlbar">
   <settings>
      <setting name="backgroundcolor" value="0xFFFFFF"/>
      <setting name="margin" value="10" />
      <setting name="font" value="_sans" />
      <setting name="fontsize" value="11" />
      <setting name="fontcolor" value="0x5e5e5e" />
      <setting name="fontstyle" value="normal" />
      <setting name="fontweight" value="normal" />
   </settings>
   <layout>
   <group position="left">
      <button name="play" />
      <divider />
      <text name="elapsed" />
   </group>
   <group position="center">
      <slider name="time" />
   </group>
   <group position="right">
      <text name="duration" />
      <button name="mute" />
      <slider name="volume" />
      <divider />
      <button name="fullscreen" />
   </group>
</layout>
   <elements>
      <element name="background" src="background.png" />
      <element name="capLeft" src="capLeft.png" />
      <element name="capRight" src="capRight.png" />
      <element name="divider" src="divider.png" />
      <element name="playButton" src="playButton.png" />
      <element name="playButtonOver" src="playButtonOver.png" />
      <element name="pauseButton" src="pauseButton.png" />
      <element name="pauseButtonOver" src="pauseButtonOver.png" />
      <element name="timeSliderRail" src="timeSliderRail.png" />
      <element name="timeSliderBuffer" src="timeSliderBuffer.png" />
      <element name="timeSliderProgress" src="timeSliderProgress.png" />
      <element name="timeSliderThumb" src="timeSliderThumb.png" />
      <element name="fullscreenButton" src="fullscreenButton.png" />
      <element name="fullscreenButtonOver" src="fullscreenButtonOver.png" />
      <element name="normalscreenButton" src="normalscreenButton.png" />
      <element name="normalscreenButtonOver" src="normalscreenButtonOver.png" />
      <element name="muteButton" src="muteButton.png" />
      <element name="muteButtonOver" src="muteButtonOver.png" />
      <element name="unmuteButton" src="unmuteButton.png" />
      <element name="unmuteButtonOver" src="unmuteButtonOver.png" />
      <element name="volumeSliderRail" src="volumeSliderRail.png" />
      <element name="volumeSliderBuffer" src="volumeSliderBuffer.png" />
      <element name="volumeSliderProgress" src="volumeSliderProgress.png" />
   </elements>
</component>
      <component name="display">
   <settings>
      <settings>
         <setting name="backgroundcolor" value="0xFFFFFF" />
         <setting name="bufferrotation" value="90" />
         <setting name="bufferinterval" value="100" />
      </settings>
   </settings>
   <elements>
      <element name="background" src="background.png" />
      <element name="playIcon" src="playIcon.png" />
      <element name="playIconOver" src="playIcon.png" />
      <element name="muteIcon" src="muteIcon.png" />
      <element name="muteIconOver" src="muteIcon.png" />
      <element name="bufferIcon" src="bufferIcon.png" />
   </elements>
</component>
<component name="myplugin">
   <elements>
      <element name="icon" src="icon.png" />
   </elements>
</component>
</components>
</skin>